{ "_id" : "Female", "value" : { "height" : 166.6590974002654, "weight" : 70.1316237660136 } }
{ "_id" : "Male", "value" : { "height" : 166.48936405411487, "weight" : 69.04222356036715 } }

{ "_id" : "Female", "avg_weight" : 70.11045066991474, "avg_height" : 166.8132561916362 }
{ "_id" : "Male", "avg_weight" : 70.00976575121163, "avg_height" : 166.7346950726979 }